/**
 * DDL
 *
 * Previo crear el usuario
 * CREATE USER 'melidbuser'@localhost IDENTIFIED BY 'm3l4ch4llep3r';
 * 
 */


USE meli_challenger;

INSERT INTO `users` (`id`, `name`, `lastname`, `phone`, `address`, `status`, `created_at`, `updated_at`, `deleted_at`) VALUES (9,'Alberto','Segura','044 243-247-5630','Carretera Baja California 900, Lerdo, Bermudas','deleted','2022-05-22 09:36:47','2022-05-22 09:36:47',NULL),(10,'Felipe','Galván','044 (55) 5868 9435','Rampa Cecilia Román 556 Piso 56, Tepezala, Venezuela','inactive','2022-05-22 09:36:48','2022-05-22 09:36:48',NULL),(11,'Patricia','Báez','(487) 100 7652','Privada Tahdziu 1669 Planta baja, San Ignacio, Austria','inactive','2022-05-22 09:36:48','2022-05-22 09:36:48',NULL),(12,'Marco Antonio','Ávila','044 55-9835-7104','Quinta Campeche 39 Apartamento 00, Torreón, Etiopía','inactive','2022-05-22 09:36:48','2022-05-22 09:36:48',NULL),(13,'Pedro','Zapata','33 2271 0128','Monte El Fuerte 0 Piso 82, Villahermosa, Islas Malvinas','deleted','2022-05-22 09:36:48','2022-05-22 09:36:48',NULL),(14,'Graciela','Mejía','044 33-5829-9783','Grupo Tabasco 06 Apartamento 72, Naucalpan, Guam','active','2022-05-22 09:36:48','2022-05-22 09:36:48',NULL),(15,'Pedro','Cortez','044 81 0329 4544','Pasaje León S/N, Guanacevi, San Cristóbal y Nieves','inactive','2022-05-22 09:36:48','2022-05-22 09:36:48',NULL),(16,'Armando','Téllez','55-1585-4070','Camino Luis Alberto Toledo 5, Inde, Bermudas','deleted','2022-05-22 09:36:48','2022-05-22 09:36:48',NULL),(17,'Isidro','Leal','044 (33) 3995 5941','Glorieta Guachochi 5061 Interior ?4, Umán, Jordania','deleted','2022-05-22 09:36:48','2022-05-22 09:36:48',NULL),(18,'Daniel','Escobar','044 55 8331 1247','Barranco México 94 Apartamento 31, Romita, Barbados','active','2022-05-22 09:36:48','2022-05-22 09:36:48',NULL),(19,'Olivia','Meléndez','044 (81) 7099 0743','Mercado Esther 52672, Monterrey, Lesoto','active','2022-05-22 09:36:48','2022-05-22 09:36:48',NULL),(20,'María de Lourdes','Vázquez','(464) 299 0053','Sector Ciudad de México 3465 Planta alta, Dzidzantun, Autoridad Nacional Palestina','deleted','2022-05-22 09:36:48','2022-05-22 09:36:48',NULL),(21,'Guadalupe','Carrillo','387-589-1333','Grupo Omar 71, Coquimatlán, Lesoto','inactive','2022-05-22 09:36:48','2022-05-22 09:36:48',NULL),(22,'Salvador','Ángeles','894 546 2221','Plaza Ana María 56853, Catorce, Guadalupe','inactive','2022-05-22 09:36:48','2022-05-22 09:36:48',NULL),(23,'Irma','Cabrera','437 328 3153','Plaza Graciela S/N, Erongaricuaro, Austria','inactive','2022-05-22 09:36:48','2022-05-22 09:36:48',NULL),(24,'Sara','Flores','044 722-136-3537','Plaza Verónica Parra 13, Manzanillo, Venezuela','deleted','2022-05-22 09:36:48','2022-05-22 09:36:48',NULL),(25,'Micaela','Cárdenas','864-513-8701','Prolongación Puebla 075, Xalisco, Guadalupe','active','2022-05-22 09:36:48','2022-05-22 09:36:48',NULL),(26,'Isabel','Carbajal','044 228-020-0564','Jardines Durango 3 3ª Planta, Xaloztoc, Montenegro','active','2022-05-22 09:36:48','2022-05-22 09:36:48',NULL);

INSERT INTO `targets` (`id`, `description`, `amount_min`, `amount_max`, `cant_min`, `cant_max`, `rate`, `status`, `created_at`, `updated_at`, `deleted_at`) VALUES (27,'New',0,100000,0,2,0.015,'active','2022-05-22 14:22:51','2022-05-22 14:22:51',NULL),(28,'Frequent',100001,500000,2,5,0.1,'active','2022-05-22 14:34:05','2022-05-22 14:34:05',NULL),(29,'Premium',500001,0,5,0,0.05,'active','2022-05-22 14:40:50','2022-05-22 14:40:50',NULL),(30,'test2',11111110,111111110,10,10,0.02,'deleted','2022-05-22 14:41:35','2022-05-22 14:41:35',NULL);

INSERT INTO `loans` (`id`, `taget_id`, `user_id`, `amount_request`, `term`, `installment`, `rate`, `interest`, `amount_total`, `observation`, `status`, `created_at`, `updated_at`, `deleted_at`) VALUES (1,27,24,5000,12,420.0502909693536,0.015,40.603491632243276,5040.603491632243,NULL,'active','2022-05-20 17:55:33','2022-05-22 17:55:33',NULL),(2,27,24,5000,12,420.0502909693536,0.015,40.603491632243276,5040.603491632243,NULL,'active','2022-05-21 18:01:26','2022-05-22 18:01:26',NULL),(3,27,24,5000,12,420.0502909693536,0.015,40.603491632243276,5040.603491632243,NULL,'deleted','2022-05-19 18:04:32','2022-05-22 18:04:32',NULL),(4,27,13,50000,12,4200.502909693536,0.015,406.03491632243095,50406.03491632243,NULL,'deleted','2022-05-22 18:10:31','2022-05-22 18:10:31',NULL),(5,27,14,20000,12,1680.2011638774145,0.015,162.4139665289731,20162.413966528973,NULL,'deleted','2022-05-22 18:11:00','2022-05-22 18:11:00',NULL),(6,27,15,20000,10,2016.5231277058426,0.015,4198.277532470111,24198.27753247011,NULL,'inactive','2022-05-22 18:17:09','2022-05-22 18:17:09',NULL),(7,27,21,25000,10,2520.653909632303,0.015,5247.846915587637,30247.846915587637,NULL,'inactive','2022-05-22 18:20:00','2022-05-22 18:20:00',NULL),(8,27,23,27000,9,3025.0582320250815,0.015,225.52408822573489,27225.524088225735,NULL,'active','2022-05-15 18:26:44','2022-05-22 18:26:44',NULL),(9,27,23,27000,9,3025.0582320250815,0.015,225.52408822573489,27225.524088225735,NULL,'active','2022-05-22 18:32:03','2022-05-22 18:32:03',NULL),(10,27,23,17300,21,830.278855156462,0.015,135.8559582857015,17435.8559582857,NULL,'active','2022-05-22 19:19:57','2022-05-22 19:19:57',NULL),(11,27,11,19300,17,1144.2868571365923,0.015,152.87657132206732,19452.876571322067,NULL,'active','2022-05-22 19:20:20','2022-05-22 19:20:20',NULL),(12,27,12,29300,17,1737.1816017669512,0.015,232.08723003817067,29532.08723003817,NULL,'active','2022-05-22 19:20:34','2022-05-22 19:20:34',NULL);

INSERT INTO `loans_payments` (`id`, `loan_id`, `amount`, `paid_at`, `reference`, `observation`, `status`, `created_at`, `updated_at`, `deleted_at`) VALUES (1,11,333.65,'2022-05-22 22:43:02','TDC VISA 00001','Prueba 1','paid','2022-05-22 20:43:02','2022-05-22 22:43:02',NULL),(2,11,10,'2022-05-22 22:47:06','TDC VISA 00001','Prueba 1','paid','2022-05-20 15:47:06','2022-05-22 22:47:06',NULL),(3,11,10,'2022-05-22 22:51:15','TDC VISA 00001','Prueba 1','paid','2022-05-15 19:51:15','2022-05-22 22:51:15',NULL),(4,11,100,'2022-05-22 22:51:38','TDC VISA 00001','Prueba 1','paid','2022-05-21 22:51:38','2022-05-22 22:51:38',NULL),(5,11,1500,'2022-05-22 22:52:01','TDC VISA 00501','Prueba 5','paid','2022-05-25 22:52:01','2022-05-22 22:52:01',NULL),(6,9,1500,'2022-05-22 22:54:17','TDC VISA 00501','Prueba 5','paid','2022-05-22 22:54:17','2022-05-22 22:54:17',NULL);